JobId,FinalStatus,SubmittedTo,ScheduledOn,NodeList,SubmissionTime,SchedulingTime,StartTime,EndTime,DecisionTime,WaitingTime,ExecutionTime,Bids,FailureCause
1,"COMPLETED","Crux","Aurora","1-242:258",38.052,38.0526,38.0526,1526.05,0.000612519,0,1488,"0.61:0.85:0.72:0.82:0.68:0.72","None"
2,"COMPLETED","Frontier","Aurora","243-257:259-291:536:542",53.035,53.0357,53.0357,821.036,0.000680535,0,768,"0.00:0.87:0.00:0.81:0.69:0.00","None"
3,"COMPLETED","Perlmutter-Phase-1","Aurora","292-504",69.083,69.0836,69.0836,469.084,0.000615392,0,400,"0.60:0.83:0.71:0.79:0.71:0.75","None"
4,"COMPLETED","Frontier","Aurora","505-535:537-541:543-1350:2049-2051:2352-2355:2358-2361",85.79,85.7906,85.7906,6821.79,0.000641535,0,6736,"0.00:0.84:0.00:0.79:0.68:0.73","None"
5,"COMPLETED","Frontier","Aurora","1351-1382",96.45,96.4506,96.4506,840.451,0.000631392,0,744,"0.66:0.82:0.76:0.80:0.69:0.73","None"
6,"COMPLETED","Perlmutter-Phase-2","Aurora","1383-1527",109.883,109.887,109.887,1005.89,0.00360139,0,896,"0.61:0.81:0.72:0.79:0.71:0.76","None"
7,"COMPLETED","Aurora","Aurora","1528-1773",126.785,126.786,126.786,606.786,0.000744535,0,480,"0.00:0.86:0.00:0.79:0.68:0.00","None"
8,"COMPLETED","Crux","Frontier","1-126:5248-5282",131.451,131.452,131.452,517.626,0.000635519,0,386.174,"0.60:0.80:0.71:0.81:0.68:0.72","None"
9,"COMPLETED","Crux","Aurora","1774-1899",138.739,138.74,138.74,546.74,0.000602519,0,408,"0.62:0.81:0.72:0.79:0.71:0.76","None"
10,"COMPLETED","Aurora","Aurora","1900-2048:2052-2351:2356-2357:2362-3059:4097-4103:5082-5098",142.73,142.731,142.731,4078.73,0.000715535,0,3936,"0.00:0.85:0.00:0.79:0.69:0.00","None"
11,"COMPLETED","Aurora","Frontier","127-155:258",155.587,155.588,155.588,520.307,0.000569352,0,364.72,"0.00:0.81:0.00:0.84:0.72:0.00","None"
12,"COMPLETED","Perlmutter-Phase-1","Frontier","156-174",155.843,155.844,155.844,1915.08,0.000683352,0,1759.24,"0.66:0.78:0.77:0.79:0.69:0.73","None"
13,"COMPLETED","Andes","Frontier","175-257:259-371:542",161.421,161.431,161.431,558.332,0.00962853,0,396.901,"0.65:0.78:0.76:0.79:0.68:0.73","None"
14,"COMPLETED","Crux","Frontier","372-515:1025",164.839,164.84,164.84,754.828,0.000648519,0,589.988,"0.65:0.78:0.76:0.79:0.69:0.73","None"
15,"COMPLETED","Perlmutter-Phase-2","Frontier","516-524",173.57,173.571,173.571,634.834,0.000650535,0,461.263,"0.66:0.78:0.77:0.78:0.69:0.73","None"
16,"COMPLETED","Frontier","Frontier","525-541:1110-1111",174.711,174.712,174.712,1558.5,0.000616535,0,1383.79,"0.00:0.80:0.00:0.82:0.71:0.00","None"
17,"COMPLETED","Andes","Aurora","3060-3229",201.684,201.685,201.685,633.685,0.000634392,0,432,"0.65:0.78:0.76:0.78:0.68:0.73","None"
18,"COMPLETED","Perlmutter-Phase-1","Frontier","543-580",202.364,202.365,202.365,2755.4,0.000549535,0,2553.04,"0.00:0.80:0.00:0.80:0.74:0.00","None"
19,"COMPLETED","Aurora","Aurora","3230-3365",233.34,233.341,233.341,1489.34,0.000732535,0,1256,"0.00:0.82:0.00:0.77:0.69:0.00","None"
20,"COMPLETED","Frontier","Aurora","3366-3444",259.623,259.624,259.624,1075.62,0.000642535,0,816,"0.00:0.80:0.00:0.80:0.69:0.00","None"
21,"COMPLETED","Perlmutter-Phase-1","Frontier","581-769",266.346,266.347,266.347,2079.22,0.000594392,0,1812.87,"0.61:0.77:0.71:0.80:0.68:0.72","None"
22,"COMPLETED","Aurora","Frontier","770-790",276.792,276.793,276.793,684.421,0.000615535,0,407.628,"0.66:0.77:0.76:0.77:0.69:0.73","None"
23,"COMPLETED","Frontier","Frontier","791-925",288.029,288.03,288.03,985.288,0.000616535,0,697.259,"0.61:0.77:0.72:0.80:0.68:0.72","None"
24,"COMPLETED","Aurora","Aurora","3445-3650",298.325,298.326,298.326,2178.33,0.000707535,0,1880,"0.00:0.82:0.00:0.76:0.68:0.00","None"
25,"COMPLETED","Perlmutter-Phase-2","Frontier","926-1024:1026-1089:2049-2051",300.385,300.386,300.386,697.287,0.000670535,0,396.901,"0.61:0.77:0.72:0.79:0.68:0.72","None"
26,"COMPLETED","Aurora","Aurora","3651-3681",301.242,301.243,301.243,1133.24,0.000687535,0,832,"0.00:0.82:0.00:0.77:0.69:0.00","None"
27,"COMPLETED","Aurora","Frontier","1090-1109:1112-1300:2358-2361",323.338,323.339,323.339,677.331,0.000619535,0,353.993,"0.61:0.76:0.72:0.79:0.68:0.72","None"
28,"COMPLETED","Perlmutter-Phase-1","Frontier","1301-2048:2052-2357:2362-2443:4097-4103:5088-5096",325.935,325.936,325.936,5753.83,0.000592535,0,5427.89,"0.00:0.77:0.00:0.78:0.68:0.73","None"
29,"COMPLETED","Frontier","Aurora","3682-3953",341.55,341.551,341.551,7029.55,0.000629535,0,6688,"0.00:0.79:0.00:0.75:0.69:0.00","None"
30,"COMPLETED","Perlmutter-Phase-1","Aurora","3954-4096:4104-4196:8193-8206",346.566,346.567,346.567,2090.57,0.000627535,0,1744,"0.00:0.78:0.00:0.73:0.71:0.00","None"
31,"COMPLETED","Crux","Aurora","4197-4351",402.437,402.438,402.438,986.438,0.000646535,0,584,"0.61:0.75:0.72:0.75:0.68:0.72","None"
32,"COMPLETED","Frontier","Aurora","4352-4400",413.408,413.414,413.414,837.414,0.00572853,0,424,"0.00:0.78:0.00:0.78:0.71:0.00","None"
33,"COMPLETED","Perlmutter-Phase-2","Frontier","2444-2446",417.09,417.091,417.091,1028.53,0.000611712,0,611.442,"0.61:0.74:0.72:0.75:0.68:0.71","None"
34,"COMPLETED","Perlmutter-Phase-2","Frontier","2447-2625",426.087,426.1,426.1,1059,0.0126034,0,632.896,"0.61:0.75:0.72:0.75:0.68:0.72","None"
35,"COMPLETED","Aurora","Aurora","4401-5081:5099-5240:10268-10302",428.274,428.275,428.275,8316.27,0.000699535,0,7888,"0.00:0.80:0.00:0.73:0.69:0.00","None"
36,"COMPLETED","Perlmutter-Phase-2","Frontier","2626-2855",441.148,441.149,441.149,1009.68,0.000658535,0,568.534,"0.61:0.73:0.72:0.75:0.68:0.72","None"
37,"COMPLETED","Frontier","Crux","1-103",446.553,446.554,446.554,2336.55,0.000619535,0,1890,"0.65:0.74:0.76:0.72:0.69:0.73","None"
38,"COMPLETED","Crux","Aurora","292-487",503.63,503.637,503.637,823.637,0.00652621,0,320,"0.65:0.74:0.46:0.73:0.69:0.73","None"
39,"COMPLETED","Aurora","Frontier","2856-2976",504.088,504.095,504.095,1287.17,0.00661753,0,783.075,"0.00:0.76:0.00:0.76:0.71:0.00","None"
40,"COMPLETED","Aurora","Aurora","488-504:5241-6888",511.271,511.272,511.272,4255.27,0.000591535,0,3744,"0.00:0.78:0.00:0.72:0.00:0.00","None"
41,"COMPLETED","Perlmutter-Phase-1","Frontier","1-155:258:2977-3024:5248-5282",521.362,521.363,521.363,1604.8,0.000549352,0,1083.43,"0.00:0.73:0.00:0.77:0.71:0.00","None"
42,"COMPLETED","Frontier","Frontier","3025-3070",525.838,525.839,525.839,997.829,0.000708535,0,471.99,"0.00:0.73:0.00:0.74:0.70:0.00","None"
43,"COMPLETED","Perlmutter-Phase-2","Frontier","3071-3262",530.711,530.718,530.718,1485.43,0.00658753,0,954.708,"0.61:0.70:0.46:0.74:0.68:0.72","None"
44,"COMPLETED","Crux","Perlmutter-Phase-2","1-90",534.505,534.518,534.518,3436.56,0.0125593,0,2902.04,"0.62:0.71:0.63:0.71:0.71:0.76","None"
45,"COMPLETED","Frontier","Perlmutter-Phase-2","91-235:258",535.728,535.729,535.729,2078.59,0.000619392,0,1542.86,"0.62:0.71:0.63:0.71:0.71:0.75","None"
46,"COMPLETED","Aurora","Aurora","1774-1899:6889-7329",567.323,567.324,567.324,5951.32,0.000650535,0,5384,"0.00:0.76:0.00:0.71:0.69:0.00","None"
47,"COMPLETED","Aurora","Aurora","7330-7536",577.685,577.686,577.686,1289.69,0.000688535,0,712,"0.00:0.75:0.00:0.71:0.69:0.00","None"
48,"COMPLETED","Aurora","Perlmutter-Phase-1","1-129:258",579.44,579.441,579.441,4486.76,0.000621535,0,3907.32,"0.00:0.72:0.00:0.74:0.74:0.00","None"
49,"COMPLETED","Crux","Perlmutter-Phase-2","236-257:259-294:542",618.9,618.901,618.901,1169.92,0.000600376,0,551.02,"0.61:0.70:0.62:0.71:0.69:0.74","None"
50,"COMPLETED","Aurora","Frontier","175-182",637.854,637.855,637.855,1109.85,0.000632392,0,471.99,"0.66:0.70:0.67:0.72:0.67:0.70","None"
51,"COMPLETED","Perlmutter-Phase-1","Aurora","1528-1706",643.616,643.62,643.62,2251.62,0.00360435,0,1608,"0.00:0.72:0.00:0.71:0.69:0.00","None"
52,"COMPLETED","Aurora","Frontier","183-257:259-291:542",650.416,650.417,650.417,1583.67,0.000679535,0,933.254,"0.00:0.72:0.00:0.76:0.69:0.00","None"
53,"COMPLETED","Aurora","Frontier","292-371:516-524:770-790:1090-1109:1112-1300:2358-2361:3263-3578",696.411,696.414,696.414,10651.1,0.00349927,0,9954.71,"0.00:0.70:0.00:0.72:0.66:0.70","None"
54,"COMPLETED","Crux","Frontier","926-1024:1026-1089:2049-2051:3579-3622",699.624,699.625,699.625,1032.16,0.000624392,0,332.539,"0.65:0.70:0.45:0.71:0.66:0.70","None"
55,"COMPLETED","Aurora","Aurora","1707-1736",715.961,715.965,715.965,1019.96,0.00370753,0,304,"0.00:0.75:0.00:0.70:0.66:0.00","None"
56,"COMPLETED","Perlmutter-Phase-1","Frontier","3623-3675",716.147,716.148,716.148,1520.68,0.000527535,0,804.529,"0.00:0.72:0.00:0.75:0.69:0.00","None"
57,"COMPLETED","Perlmutter-Phase-1","Frontier","3676-3684",731.237,731.238,731.238,1943.39,0.000598535,0,1212.16,"0.00:0.73:0.00:0.73:0.72:0.00","None"
58,"COMPLETED","Aurora","Perlmutter-Phase-2","295-349",743.374,743.384,743.384,1331.14,0.00958638,0,587.755,"0.61:0.69:0.62:0.70:0.69:0.73","None"
59,"COMPLETED","Aurora","Aurora","1737-1742",750.756,750.757,750.757,2446.76,0.000661535,0,1696,"0.00:0.75:0.00:0.71:0.67:0.00","None"
60,"COMPLETED","Perlmutter-Phase-1","Aurora","1743-1764",752.549,752.55,752.55,1776.55,0.000639535,0,1024,"0.00:0.72:0.00:0.72:0.72:0.00","None"
61,"COMPLETED","Perlmutter-Phase-2","Frontier","372-515:1025:3685-3781",760.911,760.912,760.912,1597.62,0.000626392,0,836.71,"0.65:0.70:0.49:0.71:0.66:0.70","None"
62,"COMPLETED","Andes","Frontier","3782-4029",788.525,788.526,788.526,2150.86,0.000650535,0,1362.34,"0.65:0.70:0.53:0.70:0.66:0.70","None"
63,"COMPLETED","Aurora","Perlmutter-Phase-2","350-541:543-571:1025:1110-1111",815.975,815.976,815.976,1403.73,0.000666392,0,587.755,"0.62:0.70:0.42:0.70:0.69:0.73","None"
64,"COMPLETED","Crux","Perlmutter-Phase-2","572-640",829.959,829.96,829.96,2997.31,0.000586376,0,2167.35,"0.61:0.70:0.62:0.69:0.69:0.71","None"
65,"COMPLETED","Perlmutter-Phase-2","Aurora","243-257:259-487:536:542:1765-1773:3060-3229:7537-8192:8207-8443",834.307,834.308,834.308,7658.31,0.000707535,0,6824,"0.00:0.71:0.00:0.70:0.66:0.68","None"
66,"COMPLETED","Frontier","Frontier","4030-4096:4104-4118:8193-8206",888.915,888.916,888.916,1511.08,0.000626535,0,622.169,"0.65:0.69:0.67:0.70:0.67:0.68","None"
67,"COMPLETED","Andes","Perlmutter-Phase-2","641-724",895.938,895.939,895.939,2769.41,0.000669535,0,1873.47,"0.62:0.68:0.63:0.69:0.69:0.71","None"
68,"COMPLETED","Andes","Perlmutter-Phase-2","725-1024:1026-1109:1112-1256:2049-2051:2358-2361",927.242,927.243,927.243,16025.2,0.000610392,0,15098,"0.62:0.69:0.00:0.69:0.69:0.70","None"
69,"COMPLETED","Frontier","Frontier","4119-4250",968.521,968.522,968.522,1322.51,0.000623535,0,353.993,"0.62:0.68:0.63:0.72:0.66:0.63","None"
70,"COMPLETED","Aurora","Frontier","791-925:2626-2728",1014.37,1014.37,1014.37,2376.71,0.000619535,0,1362.34,"0.61:0.68:0.49:0.72:0.66:0.63","None"
71,"COMPLETED","Frontier","Aurora","1351-1527:1707-1736:4197-4400:8444-9714",1026.54,1026.54,1026.54,5002.54,0.000592352,0,3976,"0.00:0.72:0.00:0.72:0.00:0.00","None"
72,"COMPLETED","Perlmutter-Phase-2","Frontier","926-1024:1026-1089:2049-2051:2444-2446:2729-2739",1033.07,1033.07,1033.07,1387.07,0.000589392,0,353.993,"0.60:0.65:0.41:0.72:0.65:0.62","None"
73,"COMPLETED","Frontier","Frontier","2740-2855:3025-3047",1033.75,1033.75,1033.75,1773.92,0.000605535,0,740.167,"0.65:0.66:0.67:0.70:0.66:0.63","None"
74,"COMPLETED","Perlmutter-Phase-1","Frontier","3048-3070:3579-3622:4251-4979",1040.56,1040.56,1040.56,7691.33,0.000655535,0,6650.77,"0.00:0.69:0.00:0.70:0.69:0.00","None"
75,"COMPLETED","Frontier","Perlmutter-Phase-1","130-134",1056.24,1056.24,1056.24,5446.49,0.000638535,0,4390.24,"0.00:0.68:0.00:0.70:0.72:0.00","None"
76,"COMPLETED","Frontier","Frontier","2447-2527",1067.22,1067.23,1067.23,1893.21,0.00964153,0,825.983,"0.00:0.68:0.00:0.72:0.69:0.00","None"
77,"COMPLETED","Frontier","Frontier","2528-2569",1074.22,1074.22,1074.22,1653.48,0.000664535,0,579.261,"0.62:0.66:0.63:0.70:0.66:0.63","None"
78,"COMPLETED","Perlmutter-Phase-2","Frontier","2570-2625:4980-5087:5097-5099",1079.89,1079.89,1079.89,2313.5,0.000605392,0,1233.61,"0.60:0.66:0.48:0.70:0.65:0.62","None"
79,"COMPLETED","Perlmutter-Phase-2","Perlmutter-Phase-1","135-257:259-601:1025:1110-1111",1080.51,1080.51,1080.51,16709.8,0.00346212,0,15629.3,"0.62:0.66:0.00:0.68:0.69:0.66","None"
80,"COMPLETED","Perlmutter-Phase-2","Frontier","175-182:5100-5129",1152.2,1152.2,1152.2,3243.98,0.000620535,0,2091.78,"0.61:0.66:0.63:0.67:0.62:0.66","None"
81,"COMPLETED","Aurora","Aurora","3366-3444:3651-3681:9715-9768",1154.8,1154.81,1154.81,3034.81,0.00969553,0,1880,"0.00:0.71:0.00:0.67:0.61:0.00","None"
82,"COMPLETED","Crux","Frontier","5130-5247:5283-5315",1180.43,1180.44,1180.44,1909.88,0.00663339,0,729.44,"0.62:0.66:0.63:0.67:0.62:0.67","None"
83,"COMPLETED","Frontier","Frontier","5316-5543",1194.03,1194.03,1194.03,2341.83,0.00662253,0,1147.79,"0.65:0.66:0.52:0.67:0.59:0.64","None"
84,"COMPLETED","Perlmutter-Phase-2","Frontier","5544-5596",1205.81,1205.81,1205.81,1634.89,0.000626392,0,429.082,"0.61:0.65:0.62:0.69:0.59:0.63","None"
85,"COMPLETED","Frontier","Frontier","5597-5653",1215.9,1215.9,1215.9,2824.96,0.000694535,0,1609.06,"0.00:0.68:0.00:0.69:0.60:0.00","None"
86,"COMPLETED","Aurora","Crux","104-145",1233.58,1233.58,1233.58,2547.58,0.000669535,0,1314,"0.66:0.66:0.67:0.66:0.60:0.64","None"
87,"COMPLETED","Frontier","Perlmutter-Phase-2","236-257:259-294:542:1257-1329",1264.55,1264.55,1264.55,5323.73,0.000638392,0,4059.18,"0.62:0.66:0.52:0.66:0.62:0.67","None"
88,"COMPLETED","Frontier","Frontier","5654-5793",1272.61,1272.61,1272.61,1712.42,0.000610535,0,439.809,"0.00:0.68:0.00:0.71:0.62:0.00","None"
89,"COMPLETED","Aurora","Frontier","5794-6572",1275.28,1275.28,1275.28,11348,0.000586535,0,10072.7,"0.00:0.66:0.00:0.66:0.62:0.66","None"
90,"COMPLETED","Perlmutter-Phase-2","Frontier","6573-7627",1278.26,1278.26,1278.26,10557.2,0.000603535,0,9278.9,"0.00:0.60:0.00:0.65:0.55:0.63","None"
91,"COMPLETED","Perlmutter-Phase-2","Aurora","7330-7536:9769-9818",1332.02,1332.02,1332.02,10340,0.000638535,0,9008,"0.62:0.66:0.00:0.65:0.59:0.63","None"
92,"COMPLETED","Perlmutter-Phase-2","Frontier","2856-2976:4119-4250:7628-8173",1381.06,1381.06,1381.06,11475.2,0.000611535,0,10094.2,"0.00:0.60:0.00:0.66:0.59:0.63","None"
93,"COMPLETED","Andes","Aurora","9819-9852",1398.75,1398.75,1398.75,1654.75,0.00358139,0,256,"0.62:0.66:0.60:0.65:0.59:0.63","None"
94,"COMPLETED","Frontier","Aurora","9853-10097",1429.27,1429.28,1429.28,1757.28,0.00371053,0,328,"0.61:0.65:0.39:0.64:0.59:0.64","None"
95,"COMPLETED","Frontier","Aurora","10098-10199",1436.2,1436.2,1436.2,3148.2,0.000609535,0,1712,"0.61:0.65:0.59:0.64:0.59:0.64","None"
96,"COMPLETED","Frontier","Frontier","926-1024:1026-1089:2049-2051:2444-2446:2729-2739:8174-8192:8207-8613",1449.15,1449.15,1449.15,9472.99,0.000636535,0,8023.84,"0.00:0.65:0.00:0.66:0.62:0.00","None"
97,"COMPLETED","Frontier","Perlmutter-Phase-2","295-296",1452.71,1452.72,1452.72,2150.67,0.000591535,0,697.959,"0.62:0.65:0.60:0.61:0.63:0.68","None"
98,"COMPLETED","Frontier","Aurora","102-242:258:9819-10097:10379-10575",1460.18,1460.18,1757.28,8845.28,0.000667535,297.099,7088,"0.00:0.65:0.00:0.63:0.60:0.00","None"
99,"COMPLETED","Perlmutter-Phase-1","Aurora","3230-3365:10200-10267:10303-10329",1490.11,1490.11,1490.11,1778.11,0.000701535,0,288,"0.00:0.68:0.00:0.62:0.62:0.00","None"
100,"COMPLETED","Andes","Aurora","10330-10378",1515.01,1515.01,1515.01,1843.01,0.000606535,0,328,"0.61:0.64:0.59:0.64:0.59:0.64","None"
101,"COMPLETED","Andes","Aurora","1-82",1553.2,1553.2,1553.2,2169.2,0.000615392,0,616,"0.66:0.66:0.63:0.62:0.60:0.65","None"
102,"COMPLETED","Aurora","Frontier","525-541:1110-1111:3071-3215",1582.05,1582.05,1582.05,3116.02,0.000651535,0,1533.97,"0.00:0.60:0.00:0.62:0.60:0.00","None"
103,"COMPLETED","Crux","Perlmutter-Phase-2","297-475",1622.16,1622.16,1622.16,3293.59,0.000632535,0,1671.43,"0.60:0.52:0.44:0.62:0.62:0.67","None"
104,"COMPLETED","Perlmutter-Phase-2","Perlmutter-Phase-2","476-541:543-571:1025:1110-1111:1330-2048:2052-2357:2362-2486",1624.06,1624.06,1624.06,11175.1,0.000604535,0,9551.02,"0.00:0.53:0.00:0.63:0.43:0.64","None"
105,"COMPLETED","Frontier","Aurora","83-101",1635.34,1635.34,1635.34,1923.34,0.000588535,0,288,"0.00:0.67:0.00:0.65:0.65:0.00","None"
106,"COMPLETED","Frontier","Frontier","1-31:5248-5282",1711.2,1711.2,1711.2,3674.25,0.000616535,0,1963.05,"0.61:0.57:0.59:0.65:0.59:0.55","None"
107,"COMPLETED","Perlmutter-Phase-2","Andes","1-12",1717.11,1717.12,1717.12,3317.12,0.00959753,0,1600,"0.66:0.65:0.64:0.63:0.60:0.56","None"
108,"COMPLETED","Perlmutter-Phase-1","Andes","13-70",1724.7,1724.7,1724.7,4774.7,0.000596535,0,3050,"0.65:0.50:0.63:0.63:0.60:0.56","None"
109,"COMPLETED","Perlmutter-Phase-1","Frontier","32-155:183-291:372-515:542:1025:2528-2569:2977-3024:3216-3262:3623-3675:3685-3781:4030-4096:4104-4118:5544-5596:5654-5723:8193-8206",1762.9,1762.9,1762.9,7684.24,0.00358535,0,5921.33,"0.00:0.54:0.00:0.65:0.59:0.52","None"
110,"COMPLETED","Perlmutter-Phase-1","Aurora","1743-1764:3230-3365:10200-10267:10303-10305",1780.49,1780.51,1780.51,2420.51,0.0126285,0,640,"0.58:0.65:0.43:0.63:0.59:0.55","None"
111,"COMPLETED","Andes","Frontier","2740-2855:3025-3047:5724-5731",1785.6,1785.6,1785.6,4199.19,0.000609535,0,2413.59,"0.58:0.53:0.53:0.64:0.59:0.55","None"
112,"COMPLETED","Andes","Frontier","5732-5793:8614-8788",1796.71,1796.71,1796.71,3952.85,0.000641535,0,2156.14,"0.58:0.52:0.50:0.63:0.59:0.55","None"
113,"COMPLETED","Andes","Frontier","8789-8978",1840.42,1840.43,1840.43,2344.6,0.00960653,0,504.172,"0.58:0.43:0.39:0.62:0.58:0.55","None"
114,"COMPLETED","Perlmutter-Phase-2","Perlmutter-Phase-1","602-1024:1026-1109:1112-1523",1841.42,1841.42,1841.42,18700,0.00363553,0,16858.5,"0.00:0.56:0.00:0.56:0.59:0.53","None"
115,"COMPLETED","Perlmutter-Phase-1","Frontier","581-769:2570-2625:3782-4029:4980-5087:5097-5099:5297-5543:8789-9334",1846.91,1846.91,2344.6,8383.93,0.000640535,497.686,6039.33,"0.00:0.51:0.00:0.56:0.38:0.00","None"
116,"COMPLETED","Aurora","Aurora","1-82:1528-1706:3255-3365:3445-3509:3609-3650:3954-4039",1883.81,1883.81,2603.36,9763.36,0.000612535,719.553,7160,"0.00:0.60:0.00:0.57:0.42:0.00","None"
117,"COMPLETED","Frontier","Frontier","156-174:2447-2527:5130-5221",1919.21,1919.21,1919.21,2616.47,0.000612535,0,697.259,"0.00:0.48:0.00:0.63:0.33:0.00","None"
118,"COMPLETED","Aurora","Aurora","1351-1527:1707-1736:2838-2902:4197-4400:5360-5406:5489-6888:8444-9086",1949.98,1949.99,5002.54,8274.54,0.000654535,3052.56,3272,"0.00:0.51:0.00:0.43:0.00:0.00","None"
119,"COMPLETED","Aurora","Aurora","83-99",1951.35,1951.35,1951.35,3607.35,0.000665535,0,1656,"0.00:0.69:0.00:0.61:0.36:0.00","None"
120,"COMPLETED","Aurora","Andes","71-292:542",1960.24,1960.24,1960.24,4160.24,0.000605535,0,2200,"0.63:0.44:0.44:0.61:0.28:0.56","None"
121,"COMPLETED","Perlmutter-Phase-2","Frontier","175-182:525-541:543-580:791-925:1110-1111:2626-2701:3071-3215:3676-3684:5100-5129:5222-5247:5283-5296:5597-5653:9426-9458",1962.19,1962.2,3243.98,12061.6,0.00661739,1281.78,8817.64,"0.52:0.56:0.00:0.57:0.36:0.54","None"
122,"COMPLETED","Perlmutter-Phase-1","Aurora","100-101:10306-10378:10576-10602",1974.32,1974.32,1974.32,2806.32,0.000655535,0,832,"0.00:0.66:0.00:0.60:0.34:0.00","None"
123,"COMPLETED","Perlmutter-Phase-1","Aurora","10603-10622",2004.06,2004.06,2004.06,2972.06,0.00659739,0,968,"0.52:0.64:0.60:0.63:0.32:0.56","None"
124,"COMPLETED","Aurora","Perlmutter-Phase-2","1-235:258:295-475:572-724:2487-3006",2019.67,2019.67,4684.83,17946,0.000556392,2665.15,13261.2,"0.00:0.49:0.00:0.46:0.34:0.52","None"
125,"COMPLETED","Aurora","Frontier","3676-3684:5222-5247:5283-5296",2041.32,2041.32,2041.32,2760.04,0.000603352,0,718.713,"0.00:0.50:0.00:0.61:0.32:0.00","None"
126,"COMPLETED","Perlmutter-Phase-2","Aurora","3954",2098.18,2098.19,2098.19,2538.19,0.0155343,0,440,"0.53:0.65:0.61:0.63:0.48:0.56","None"
127,"COMPLETED","Perlmutter-Phase-2","Aurora","3955-4096:4104-4146:8193-8206",2099.91,2099.91,2099.91,2435.91,0.000594535,0,336,"0.52:0.65:0.40:0.63:0.28:0.57","None"
128,"COMPLETED","Perlmutter-Phase-2","Aurora","4147-4180",2113.72,2113.72,2113.72,3137.72,0.000585535,0,1024,"0.56:0.64:0.63:0.43:0.33:0.57","None"
129,"COMPLETED","Perlmutter-Phase-1","Frontier","156-174:2447-2527:2702-2728:5130-5221:9413-9425:9459-9467",2147.23,2147.23,3276.62,5143.13,0.000628535,1129.39,1866.51,"0.00:0.48:0.00:0.49:0.31:0.00","None"
130,"COMPLETED","Perlmutter-Phase-1","Aurora","1900-2048:2052-2351:2356-2357:2362-2825:4097-4103:5082-5098",2151.17,2151.18,4078.73,9214.73,0.00354727,1927.56,5136,"0.00:0.49:0.00:0.48:0.33:0.43","None"
131,"COMPLETED","Aurora","Aurora","1-82:3445-3457",2208.76,2208.76,2208.76,2528.76,0.000603535,0,320,"0.56:0.65:0.63:0.61:0.28:0.57","None"
132,"COMPLETED","Aurora","Aurora","3366-3444:3651-3681:4092-4096:4104-4146:4181-4196:8193-8206:9087-9723:10191-10267:10303-10378:10576-10606",2216.85,2216.85,5034.81,12234.8,0.000625535,2817.96,7200,"0.00:0.51:0.00:0.48:0.38:0.49","None"
133,"COMPLETED","Aurora","Aurora","100-101:505-535:537-541:543-1350:1737-1742:1892-1899:2049-2051:2352-2355:2358-2361:2972-3023:3245:3591-3608:4040-4070",2245.3,2245.3,6821.79,11373.8,0.000619535,4576.5,4552,"0.00:0.48:0.00:0.47:0.38:0.00","None"
134,"COMPLETED","Crux","Aurora","1528-1530",2275.57,2275.58,2275.58,2595.58,0.00362552,0,320,"0.51:0.64:0.59:0.63:0.47:0.55","None"
135,"COMPLETED","Andes","Aurora","1531-1706:3458-3509",2331.36,2331.36,2331.36,2603.36,0.000597535,0,272,"0.52:0.65:0.39:0.64:0.28:0.56","None"
136,"COMPLETED","Perlmutter-Phase-1","Aurora","3510-3608",2344.85,2344.85,2344.85,2808.85,0.000599535,0,464,"0.00:0.67:0.00:0.64:0.31:0.00","None"
137,"COMPLETED","Frontier","Aurora","1351-1527:1707-1736:2838-2902:3246-3248:3510-3590:3687-3731:4197-4400:5360-5406:5489-6673",2349.15,2349.15,8274.54,12362.5,0.000580352,5925.39,4088,"0.00:0.49:0.00:0.45:0.00:0.00","None"
138,"COMPLETED","Aurora","Frontier","9335-9412",2367.1,2367.1,2367.1,3278.9,0.000647535,0,911.8,"0.00:0.53:0.00:0.58:0.32:0.00","None"
139,"COMPLETED","Frontier","Crux","1-30",2373.63,2373.63,2373.63,2949.63,0.000614535,0,576,"0.52:0.64:0.68:0.62:0.27:0.57","None"
140,"COMPLETED","Aurora","Aurora","1743-1764:3230-3244",2400.66,2400.66,2420.51,3100.51,0.000643535,19.841,680,"0.00:0.53:0.00:0.42:0.32:0.00","None"
141,"COMPLETED","Aurora","Aurora","100-101:1737-1742:3245-3248:3510-3608:10233-10267:10303-10378:10576-10593",2437.81,2437.81,2808.85,3872.85,0.000650535,371.042,1064,"0.00:0.58:0.00:0.42:0.31:0.00","None"
142,"COMPLETED","Frontier","Frontier","791-925:2626-2701",2469.55,2469.55,2469.55,2920.08,0.000650535,0,450.536,"0.56:0.48:0.56:0.60:0.28:0.57","None"
143,"COMPLETED","Aurora","Aurora","1737-1742:3245-3248",2476.53,2476.53,2476.53,2764.53,0.000697535,0,288,"0.00:0.70:0.00:0.59:0.48:0.00","None"
144,"COMPLETED","Perlmutter-Phase-2","Crux","31-103:146-254",2487.11,2487.11,2487.11,3063.11,0.000618535,0,576,"0.52:0.46:0.65:0.42:0.27:0.56","None"
145,"COMPLETED","Aurora","Aurora","3249-3254",2503.55,2503.56,2503.56,3967.56,0.00958653,0,1464,"0.00:0.68:0.00:0.64:0.51:0.00","None"
146,"COMPLETED","Aurora","Perlmutter-Phase-2","91-235:258:295-296:2487-2529",2537.93,2537.93,2537.93,4411.4,0.00355635,0,1873.47,"0.51:0.47:0.45:0.40:0.27:0.56","None"
147,"COMPLETED","Frontier","Andes","293-541:543-634",2559.46,2559.46,2559.46,38559.5,0.000626535,0,36000,"0.55:0.50:0.00:0.51:0.35:0.43","None"
148,"COMPLETED","Perlmutter-Phase-2","Frontier","1-31:156-174:2447-2527:2702-2728:2740-2855:3025-3047:5130-5221:5248-5282:5724-5793:8614-8788:9335-9336",2595.65,2595.65,5143.13,14507.9,0.000651535,2547.48,9364.72,"0.39:0.48:0.00:0.50:0.36:0.45","None"
149,"COMPLETED","Aurora","Aurora","4040-4091",2614.79,2614.79,2614.79,3838.79,0.00342908,0,1224,"0.00:0.70:0.00:0.43:0.35:0.00","None"
150,"COMPLETED","Andes","Frontier","156-174:2447-2527:2702-2728:5130-5221:9413-9425",2622.27,2622.27,2622.27,3276.62,0.000638535,0,654.35,"0.37:0.42:0.44:0.59:0.30:0.58","None"
151,"COMPLETED","Frontier","Aurora","3366-3444:3651-3681:4092-4096:4104-4146:4181-4196:8193-8206:9715-9723",2631.48,2631.48,3034.81,3458.81,0.00366653,403.327,424,"0.00:0.47:0.00:0.38:0.31:0.00","None"
152,"COMPLETED","Frontier","Aurora","4092-4096:4104-4146:4181-4196:8193-8206:10200-10232",2672.92,2672.92,2672.92,3008.92,0.000540535,0,336,"0.00:0.67:0.00:0.41:0.31:0.00","None"
153,"COMPLETED","Aurora","Aurora","488-504:1747-1764:2826-2837:2903-2971:3024-3059:3230-3244:3249-3254:4087-4091:4147-4180:5241-5359:5407-5488:9724-9768:10098-10188",2714.06,2714.06,5404.94,12972.9,0.000643535,2690.88,7568,"0.00:0.52:0.00:0.47:0.37:0.00","None"
154,"COMPLETED","Frontier","Perlmutter-Phase-2","2530-2624",2736.58,2736.58,2736.58,4499.85,0.000610519,0,1763.27,"0.40:0.43:0.48:0.38:0.34:0.59","None"
155,"COMPLETED","Perlmutter-Phase-1","Perlmutter-Phase-2","641-708",2792.99,2792.99,2792.99,4684.83,0.000632535,0,1891.84,"0.47:0.44:0.53:0.39:0.32:0.56","None"
156,"COMPLETED","Aurora","Aurora","10594-10602",2960.76,2960.76,2960.76,3784.76,0.000598535,0,824,"0.00:0.66:0.00:0.62:0.53:0.00","None"
157,"COMPLETED","Frontier","Frontier","1301-2048:2052-2073:4097-4103",2962.54,2962.54,5753.83,13766.9,0.000653535,2791.28,8013.11,"0.00:0.48:0.00:0.50:0.37:0.00","None"
158,"COMPLETED","Perlmutter-Phase-1","Aurora","1743-1764:3230-3244:4147-4180:9724-9768:10098-10221",3109.7,3109.7,3148.2,3684.2,0.000513535,38.5001,536,"0.00:0.50:0.00:0.40:0.33:0.00","None"
159,"COMPLETED","Crux","Crux","1-63",3116.39,3116.39,3116.39,4556.39,0.000602519,0,1440,"0.47:0.65:0.76:0.39:0.31:0.56","None"
160,"COMPLETED","Aurora","Crux","64-106",3308.35,3308.35,3308.35,4802.35,0.000682535,0,1494,"0.43:0.49:0.66:0.62:0.31:0.56","None"
161,"COMPLETED","Frontier","Aurora","3366-3444:3651-3681:4092-4096:4104-4146:4181-4196:8193-8206:9715-9723:10222-10232:10603-10614",3309.25,3309.25,3458.81,5034.81,0.000666535,149.565,1576,"0.41:0.55:0.52:0.39:0.27:0.35","None"
162,"COMPLETED","Frontier","Aurora","83-99:1743-1746:1774-1891:3732-3953:4071-4086:6889-7290",3324.61,3324.61,7579.2,12243.2,0.000600535,4254.59,4664,"0.00:0.47:0.00:0.45:0.38:0.00","None"
163,"COMPLETED","Frontier","Aurora","1-82:100-101:505-535:537-541:543-1350:1528-1706:1737-1742:1892-1899:2049-2051:2352-2355:2358-2361:2496-2825:2972-3023:3245:3255-3365:3445-3509:3591-3650:3954-4070:4867-5081:5099-5240:6674-6888:7330-7536:7854-8192:8207-8872:10268-10302",3460.52,3460.52,11373.8,15909.8,0.000606352,7913.27,4536,"0.00:0.46:0.00:0.43:0.00:0.00","None"
164,"COMPLETED","Frontier","Aurora","83-99:1743-1764:3230-3244:4147-4180:9724-9768:10098-10190",3503.98,3503.98,3684.2,5132.2,0.000617535,180.225,1448,"0.00:0.56:0.00:0.42:0.31:0.00","None"
165,"COMPLETED","Aurora","Aurora","100-101:1737-1742:3245-3248:3510-3608:4040-4086",3791.99,3791.99,3872.85,5448.85,0.000665535,80.8619,1576,"0.00:0.54:0.00:0.40:0.31:0.00","None"
166,"COMPLETED","Perlmutter-Phase-2","Crux","1-63:107-246",3860.74,3860.74,4556.39,6860.39,0.000622535,695.652,2304,"0.46:0.45:0.55:0.37:0.28:0.36","None"
167,"COMPLETED","Perlmutter-Phase-2","Frontier","1-31:5248-5282:5732-5793:8614-8710",4066.86,4066.86,4066.86,5128.84,0.000688535,0,1061.98,"0.46:0.44:0.46:0.60:0.28:0.36","None"
168,"COMPLETED","Perlmutter-Phase-1","Aurora","243-257:259-487:536:542:1765-1773:3060-3229:7291-7329:7537-7853",4116.47,4116.47,7658.31,12402.3,0.000593352,3541.83,4744,"0.00:0.49:0.00:0.44:0.36:0.00","None"
169,"COMPLETED","Aurora","Aurora","2826-2902",4205.14,4205.15,4205.15,4453.15,0.00643608,0,248,"0.00:0.68:0.00:0.62:0.33:0.00","None"
170,"COMPLETED","Aurora","Aurora","488-504:2903-2971",4292.57,4292.57,4292.57,4900.57,0.000643535,0,608,"0.49:0.68:0.41:0.59:0.34:0.60","None"
171,"COMPLETED","Aurora","Aurora","2972-3023",4327.57,4327.58,4327.58,5567.58,0.000665535,0,1240,"0.00:0.73:0.00:0.60:0.36:0.00","None"
172,"COMPLETED","Perlmutter-Phase-1","Aurora","102-242:258:3682-3686:4401-4866",4423.14,4423.14,8845.28,14253.3,0.000598535,4422.14,5408,"0.00:0.50:0.00:0.46:0.40:0.00","None"
173,"COMPLETED","Andes","Aurora","3024-3059:3249-3254:4087-4091:5241-5359",4452.94,4452.94,4452.94,5404.94,0.000598392,0,952,"0.53:0.68:0.48:0.60:0.28:0.41","None"
174,"COMPLETED","Andes","Aurora","2826-2902:5360-5406",4662.56,4662.56,4662.56,4942.56,0.000644392,0,280,"0.49:0.68:0.32:0.62:0.50:0.59","None"
175,"COMPLETED","Perlmutter-Phase-1","Aurora","488-504:2903-2971:5407-5488",4933.09,4933.09,4933.09,5389.09,0.000614352,0,456,"0.00:0.70:0.00:0.62:0.35:0.00","None"
176,"COMPLETED","Frontier","Aurora","2826-2837",4953.36,4953.36,4953.36,5209.36,0.000718535,0,256,"0.00:0.70:0.00:0.62:0.50:0.00","None"
177,"COMPLETED","Frontier","Aurora","83-96",5148.64,5148.64,5148.64,5732.64,0.000701535,0,584,"0.00:0.68:0.00:0.62:0.51:0.00","None"
178,"COMPLETED","Perlmutter-Phase-1","Aurora","97-99:1743-1746",5171.86,5171.86,5171.86,5699.86,0.000681535,0,528,"0.00:0.67:0.00:0.58:0.53:0.00","None"
179,"COMPLETED","Perlmutter-Phase-2","Aurora","100-101:1737-1742:2972-2978",5590.52,5590.52,5590.52,6510.52,0.000646535,0,920,"0.51:0.64:0.56:0.61:0.50:0.53","None"
180,"COMPLETED","Aurora","Aurora","2979-3023:3245-3248:3510-3581",5623.73,5623.73,5623.73,6095.73,0.000633535,0,472,"0.54:0.65:0.40:0.36:0.50:0.54","None"
181,"COMPLETED","Perlmutter-Phase-1","Aurora","83-85",5737.93,5737.93,5737.93,6401.93,0.000609535,0,664,"0.00:0.66:0.00:0.63:0.53:0.00","None"
182,"COMPLETED","Andes","Frontier","2074-2274",5883.36,5883.37,5883.37,6462.63,0.000673535,0,579.261,"0.55:0.46:0.40:0.60:0.29:0.32","None"
183,"COMPLETED","Frontier","Aurora","1900-2048:2052-2351:2356-2357:2362-2495:4097-4103:5082-5098",6035.28,6035.28,9214.73,14454.7,0.000602392,3179.45,5240,"0.42:0.46:0.00:0.44:0.39:0.45","None"
184,"COMPLETED","Frontier","Aurora","86-99:1743-1746:1774-1899:2979-3023:3245",6201.35,6201.35,6201.35,6497.35,0.000647352,0,296,"0.00:0.69:0.00:0.62:0.32:0.00","None"
185,"COMPLETED","Frontier","Aurora","3246-3248:3510-3590",6369.56,6369.56,6369.56,8001.56,0.000594535,0,1632,"0.00:0.68:0.00:0.62:0.56:0.00","None"
186,"COMPLETED","Frontier","Aurora","83-99:1743-1746:1774-1891",6507.2,6507.2,6507.2,7579.2,0.000676392,0,1072,"0.54:0.66:0.47:0.60:0.50:0.54","None"
187,"COMPLETED","Aurora","Aurora","3682-3686",7192.36,7192.36,7192.36,8504.36,0.000569535,0,1312,"0.00:0.71:0.00:0.61:0.51:0.00","None"
188,"COMPLETED","Andes","Crux","1-216",7479.4,7479.4,7479.4,8631.4,0.000663535,0,1152,"0.50:0.66:0.72:0.60:0.32:0.35","None"
189,"COMPLETED","Andes","Aurora","3687-3731",7562.58,7562.58,7562.58,7970.58,0.000643535,0,408,"0.50:0.66:0.38:0.62:0.50:0.53","None"
190,"COMPLETED","Frontier","Aurora","7854-7888",7905.58,7905.58,7905.58,9385.58,0.000615535,0,1480,"0.00:0.68:0.00:0.68:0.53:0.00","None"
191,"COMPLETED","Perlmutter-Phase-2","Frontier","32-155:183-291:372-515:542:1025:2074-2267",8172.96,8172.96,8172.96,17355.3,0.000607392,0,9182.36,"0.47:0.48:0.00:0.64:0.39:0.44","None"
192,"COMPLETED","Perlmutter-Phase-1","Crux","1-194",8915.28,8915.28,8915.28,11885.3,0.000638392,0,2970,"0.49:0.68:0.71:0.67:0.29:0.53","None"
193,"COMPLETED","Aurora","Aurora","4867-5081:5099-5100:10268-10302",9182.16,9182.16,9182.16,10134.2,0.000616535,0,952,"0.49:0.68:0.37:0.66:0.28:0.31","None"
194,"COMPLETED","Crux","Frontier","581-582",9557.79,9557.79,9557.79,11864.1,0.000599392,0,2306.32,"0.51:0.69:0.57:0.69:0.50:0.53","None"
195,"COMPLETED","Perlmutter-Phase-1","Aurora","2496-2747",9645.96,9645.96,9645.96,9949.96,0.000643535,0,304,"0.00:0.71:0.00:0.66:0.32:0.00","None"
196,"COMPLETED","Frontier","Aurora","1-19",10847.6,10847.6,10847.6,11279.6,0.000631535,0,432,"0.00:0.72:0.00:0.71:0.55:0.00","None"
197,"COMPLETED","Perlmutter-Phase-2","Frontier","175-182:292-371:516-541:543-665:1110-1111",14106.7,14106.7,14106.7,15587,0.000614535,0,1480.33,"0.55:0.75:0.76:0.76:0.30:0.61","None"
198,"COMPLETED","Perlmutter-Phase-1","Aurora","1-31",16828,16828,16828,17580,0.000591535,0,752,"0.51:0.85:0.72:0.80:0.56:0.64","None"
199,"COMPLETED","Perlmutter-Phase-1","Aurora","1-537:542:1025:1104-1105",17839.4,17839.4,17839.4,25631.4,0.000645535,0,7792,"0.00:0.87:0.00:0.80:0.58:0.00","None"
200,"COMPLETED","Frontier","Aurora","538-541:543-1024:1026-1103:1106-1434:2049-2051:2352-2355:2358-2361",20122.4,20122.4,20122.4,24714.4,0.00353035,0,4592,"0.00:0.84:0.00:0.80:0.71:0.76","None"
201,"COMPLETED","Aurora","Aurora","538-541:543-553:1110-1111",25511.2,25511.2,25511.2,25823.2,0.000690535,0,312,"0.51:0.83:0.73:0.80:0.71:0.76","None"
202,"COMPLETED","Frontier","Aurora","1-205:258",29361.4,29361.4,29361.4,29633.4,0.000490535,0,272,"0.00:0.87:0.00:0.83:0.71:0.00","None"
203,"COMPLETED","Frontier","Aurora","1-192:258",30381.8,30381.8,30381.8,30661.8,0.000620535,0,280,"0.54:0.85:0.76:0.79:0.68:0.73","None"
204,"COMPLETED","Crux","Aurora","1-209:258",30708.3,30708.3,30708.3,32148.3,0.000607519,0,1440,"0.51:0.85:0.72:0.82:0.68:0.73","None"
205,"COMPLETED","Aurora","Aurora","1-46",36319.5,36319.5,36319.5,37607.5,0.000612535,0,1288,"0.00:0.87:0.00:0.84:0.72:0.00","None"
206,"COMPLETED","Andes","Aurora","47-223:258",37373.8,37373.8,37373.8,37813.8,0.000597352,0,440,"0.54:0.85:0.76:0.79:0.68:0.73","None"
207,"COMPLETED","Frontier","Aurora","1-64",38089.2,38089.2,38089.2,38489.2,0.000634535,0,400,"0.00:0.88:0.00:0.82:0.70:0.00","None"
208,"COMPLETED","Andes","Aurora","65-214:258",38235.4,38235.4,38235.4,39403.4,0.000650392,0,1168,"0.55:0.85:0.76:0.80:0.69:0.73","None"
209,"COMPLETED","Andes","Aurora","215-257:259-432:536:542",38309,38309,38309,38565,0.000629392,0,256,"0.51:0.84:0.72:0.82:0.68:0.72","None"
210,"COMPLETED","Perlmutter-Phase-1","Aurora","1-64:215-257:259-321:536:542",39043.6,39043.6,39043.6,39363.6,0.000706535,0,320,"0.00:0.87:0.00:0.82:0.74:0.00","None"
211,"COMPLETED","Andes","Aurora","322-535:537-541:543-570:1025:1104-1105:1110-1111",39145.8,39145.8,39145.8,39481.8,0.000637535,0,336,"0.61:0.83:0.71:0.81:0.68:0.72","None"
212,"COMPLETED","Perlmutter-Phase-2","Aurora","1-106",39532.5,39532.5,39532.5,40460.5,0.000612535,0,928,"0.61:0.84:0.72:0.79:0.71:0.75","None"
213,"COMPLETED","Crux","Aurora","107-342:536:542",40109.4,40109.4,40109.4,41485.4,0.000613535,0,1376,"0.60:0.84:0.71:0.79:0.70:0.75","None"
214,"COMPLETED","Frontier","Aurora","343-491",40451.6,40451.6,40451.6,41587.6,0.000629352,0,1136,"0.00:0.86:0.00:0.81:0.69:0.00","None"
215,"COMPLETED","Frontier","Aurora","1-106:492-535:537-541:543-596:1025:1104-1105:1110-1111",40494.5,40494.5,40494.5,40838.5,0.000596392,0,344,"0.61:0.83:0.71:0.82:0.68:0.72","None"
216,"COMPLETED","Aurora","Aurora","597-1024:1026-1093:2049-2051",40539.7,40539.7,40539.7,47483.7,0.00360353,0,6944,"0.62:0.83:0.00:0.82:0.68:0.73","None"
217,"COMPLETED","Frontier","Aurora","1094-1103:1106-1109:1112-1246:2352-2355:2358-2361",40658.1,40658.1,40658.1,41402.1,0.000683535,0,744,"0.00:0.85:0.00:0.82:0.69:0.00","None"
218,"COMPLETED","Perlmutter-Phase-2","Aurora","1247-2048:2052-2351:2356-2357:2362-2703:4097-4103:5082-5098",40685.2,40685.2,40685.2,45829.2,0.000589392,0,5144,"0.00:0.82:0.00:0.81:0.68:0.72","None"
219,"COMPLETED","Frontier","Frontier","1-119:5248-5282",40737.9,40737.9,40737.9,41510.2,0.000669535,0,772.348,"0.00:0.81:0.00:0.82:0.70:0.00","None"
220,"COMPLETED","Aurora","Frontier","120-253:258",40827.9,40827.9,40827.9,43059.1,0.000603535,0,2231.23,"0.00:0.81:0.00:0.83:0.71:0.00","None"
221,"COMPLETED","Frontier","Frontier","254-257:259-690:1025:1110-1111",40886.4,40886.4,40886.4,52546.7,0.000626535,0,11660.3,"0.62:0.79:0.00:0.81:0.68:0.73","None"
222,"COMPLETED","Perlmutter-Phase-2","Frontier","691-809",40912.8,40912.8,40912.8,41545.7,0.000611392,0,632.896,"0.62:0.79:0.72:0.80:0.68:0.72","None"
223,"COMPLETED","Perlmutter-Phase-1","Frontier","810-1017",41001.6,41001.6,41001.6,41773.9,0.000650392,0,772.348,"0.62:0.79:0.72:0.80:0.68:0.73","None"
224,"COMPLETED","Perlmutter-Phase-1","Aurora","1-84",41013.2,41013.2,41013.2,41837.2,0.000524352,0,824,"0.00:0.82:0.00:0.79:0.74:0.00","None"
225,"COMPLETED","Frontier","Aurora","85-106:492-535:537-541:543-596:1025:1104-1105:1110-1111:2704-3187",41115.2,41115.2,41115.2,47755.2,0.000689392,0,6640,"0.62:0.79:0.00:0.79:0.68:0.73","None"
226,"COMPLETED","Aurora","Aurora","3188-3334",41323.3,41323.3,41323.3,41723.3,0.000640535,0,400,"0.00:0.82:0.00:0.77:0.70:0.00","None"
227,"COMPLETED","Perlmutter-Phase-2","Aurora","107-359:536:542",41655.2,41655.2,41655.2,42231.2,0.000584392,0,576,"0.65:0.79:0.76:0.78:0.69:0.73","None"
228,"COMPLETED","Aurora","Frontier","5248-5268",41695.4,41695.4,41695.4,42274.6,0.000598535,0,579.261,"0.00:0.81:0.00:0.82:0.72:0.00","None"
229,"COMPLETED","Crux","Frontier","1-18:5269-5282",41709,41709,41709,42138.1,0.000613519,0,429.082,"0.60:0.77:0.71:0.79:0.68:0.71","None"
230,"COMPLETED","Perlmutter-Phase-1","Aurora","360-491:1094-1103:1106-1109:2352-2355",41731.9,41731.9,41731.9,41995.9,0.000614352,0,264,"0.00:0.80:0.00:0.77:0.72:0.00","None"
231,"COMPLETED","Perlmutter-Phase-1","Frontier","19-119:691-833",42023.9,42023.9,42023.9,43772.4,0.000641535,0,1748.51,"0.61:0.78:0.71:0.80:0.68:0.72","None"
232,"COMPLETED","Perlmutter-Phase-1","Aurora","1-84:360-491:1094-1103:1106-1109:1112-1246:2352-2355:2358-2361:3188-3291",42139.5,42139.5,42139.5,49515.5,0.000617535,0,7376,"0.00:0.81:0.00:0.79:0.74:0.00","None"
233,"COMPLETED","Aurora","Aurora","3292-3346",42191.5,42191.5,42191.5,43479.5,0.000501535,0,1288,"0.00:0.80:0.00:0.80:0.74:0.00","None"
234,"COMPLETED","Aurora","Frontier","1-18:834-1024:1026-1109:1112-1327:2049-2051:2358-2361:5269-5282",42199.8,42199.8,42199.8,53366.7,0.000520352,0,11166.9,"0.00:0.80:0.00:0.82:0.71:0.00","None"
235,"COMPLETED","Frontier","Aurora","3347-3350",42205.8,42205.8,42205.8,42493.8,0.000716535,0,288,"0.00:0.80:0.00:0.79:0.69:0.00","None"
236,"COMPLETED","Aurora","Aurora","107-359:536:542:3351-3470",42291.4,42291.4,42291.4,50579.4,0.000690535,0,8288,"0.61:0.78:0.00:0.76:0.71:0.75","None"
237,"COMPLETED","Perlmutter-Phase-1","Frontier","1328-1332:5248-5268",42322.6,42322.6,42322.6,43009.1,0.000590535,0,686.532,"0.00:0.79:0.00:0.80:0.71:0.00","None"
238,"COMPLETED","Perlmutter-Phase-1","Aurora","3471-3617",42418.7,42418.7,42418.7,43266.7,0.000593392,0,848,"0.61:0.77:0.71:0.75:0.71:0.75","None"
239,"COMPLETED","Frontier","Frontier","1333-1352",42426,42426,42426,43091,0.000636535,0,665.077,"0.60:0.76:0.71:0.78:0.68:0.71","None"
240,"COMPLETED","Perlmutter-Phase-1","Aurora","3618-4096:4104-4410:8193-8206",42492.8,42492.8,42492.8,49996.8,0.000636535,0,7504,"0.00:0.79:0.00:0.78:0.73:0.00","None"
241,"COMPLETED","Frontier","Frontier","1353-1420",42495.5,42495.5,42495.5,42892.4,0.000610535,0,396.901,"0.00:0.78:0.00:0.80:0.71:0.00","None"
242,"COMPLETED","Perlmutter-Phase-1","Crux","1-88",42507,42507,42507,44523,0.000616535,0,2016,"0.65:0.75:0.76:0.76:0.69:0.73","None"
243,"COMPLETED","Aurora","Aurora","3347-3350:4411-4540",42567.3,42567.3,42567.3,44343.3,0.000652535,0,1776,"0.00:0.80:0.00:0.76:0.69:0.00","None"
244,"COMPLETED","Perlmutter-Phase-1","Aurora","4541-4770",42609.5,42609.5,42609.5,43073.5,0.000638535,0,464,"0.00:0.78:0.00:0.75:0.71:0.00","None"
245,"COMPLETED","Andes","Frontier","1421-1609",42625.1,42625.1,42625.1,43140,0.000624535,0,514.899,"0.65:0.75:0.48:0.76:0.69:0.73","None"
246,"COMPLETED","Aurora","Aurora","4771-4841",42631.7,42631.7,42631.7,44175.7,0.000669535,0,1544,"0.00:0.80:0.00:0.75:0.69:0.00","None"
247,"COMPLETED","Aurora","Aurora","4842-5081:5099-5208:10268-10302",42636.3,42636.3,42636.3,50804.3,0.00369053,0,8168,"0.00:0.79:0.00:0.75:0.69:0.00","None"
248,"COMPLETED","Frontier","Frontier","1610-1730",42680.8,42680.8,42680.8,43077.7,0.000592535,0,396.901,"0.00:0.76:0.00:0.77:0.74:0.00","None"
249,"COMPLETED","Frontier","Frontier","1731-2048:2052-2357:2362-2544:4097-4103:5088-5096",42704.2,42704.2,42704.2,48582.6,0.000616535,0,5878.43,"0.00:0.74:0.00:0.77:0.68:0.73","None"
250,"COMPLETED","Andes","Perlmutter-Phase-2","1-123",42751.2,42751.2,42751.2,44018.6,0.000602519,0,1267.35,"0.61:0.73:0.63:0.72:0.71:0.75","None"
251,"COMPLETED","Perlmutter-Phase-2","Perlmutter-Phase-2","124-1271:2049-2051:2358-2361",42772.7,42772.7,42772.7,57650.2,0.000628535,0,14877.6,"0.00:0.74:0.00:0.73:0.71:0.75","None"
252,"COMPLETED","Perlmutter-Phase-2","Aurora","5209-5244",42776.2,42776.2,42776.2,44640.2,0.000606535,0,1864,"0.66:0.74:0.68:0.73:0.69:0.63","None"
253,"COMPLETED","Aurora","Aurora","5245-5268",42818.3,42818.3,42818.3,44594.3,0.000670535,0,1776,"0.00:0.78:0.00:0.72:0.69:0.00","None"
254,"COMPLETED","Aurora","Aurora","5269-5354",42833.1,42833.1,42833.1,44561.1,0.000642535,0,1728,"0.00:0.79:0.00:0.73:0.69:0.00","None"
255,"COMPLETED","Aurora","Frontier","2545-2719",42843.4,42843.4,42843.4,43251,0.000598535,0,407.628,"0.61:0.73:0.42:0.75:0.68:0.62","None"
256,"COMPLETED","Aurora","Aurora","5355-5609",42849.8,42849.8,42849.8,44409.8,0.000589535,0,1560,"0.61:0.73:0.53:0.72:0.71:0.66","None"
257,"COMPLETED","Aurora","Aurora","5610-5645",42893,42893,42893,43797,0.000629535,0,904,"0.61:0.73:0.64:0.72:0.71:0.66","None"
258,"COMPLETED","Aurora","Aurora","5646-5710",42907.6,42907.6,42907.6,43523.6,0.000645535,0,616,"0.00:0.78:0.00:0.72:0.69:0.00","None"
259,"COMPLETED","Aurora","Aurora","5711-6066",42922,42922,42922,48818,0.000522535,0,5896,"0.00:0.75:0.00:0.75:0.74:0.00","None"
260,"COMPLETED","Aurora","Frontier","1353-1420:2720-4096:4104-5087:5097-5247:5283-5466:8193-8206",42928.4,42928.4,42928.4,49300.3,0.000463352,0,6371.87,"0.00:0.74:0.00:0.77:0.00:0.00","None"
261,"COMPLETED","Aurora","Aurora","6067-6264",42973.4,42973.4,42973.4,43333.4,0.000618535,0,360,"0.00:0.74:0.00:0.68:0.73:0.00","None"
262,"COMPLETED","Frontier","Aurora","92-359:492-703:1025:1104-1105:1110-1111:2251-2351:2356-2357:2362-2497:2739-4096:4104-10573",43007.7,43007.7,50937.6,54665.6,0.000530352,7929.86,3728,"0.00:0.53:0.00:0.47:0.00:0.00","None"
263,"COMPLETED","Aurora","Perlmutter-Phase-1","1-256:258",43008.1,43008.1,43008.1,73498.3,0.000641535,0,30490.2,"0.00:0.61:0.00:0.67:0.69:0.00","None"
264,"COMPLETED","Perlmutter-Phase-1","Aurora","6265-6490",43010.7,43010.7,43010.7,43290.7,0.00666353,0,280,"0.00:0.75:0.00:0.67:0.67:0.00","None"
265,"COMPLETED","Perlmutter-Phase-1","Aurora","6491-6664",43012.6,43012.6,43012.6,43564.6,0.000634535,0,552,"0.00:0.73:0.00:0.67:0.67:0.00","None"
266,"COMPLETED","Crux","Aurora","6665-6744",43030.9,43030.9,43030.9,43646.9,0.000645535,0,616,"0.61:0.71:0.63:0.69:0.64:0.62","None"
267,"COMPLETED","Perlmutter-Phase-2","Aurora","6745-6823",43032.4,43032.4,43032.4,43432.4,0.000622535,0,400,"0.65:0.71:0.68:0.67:0.65:0.63","None"
268,"COMPLETED","Frontier","Aurora","6824-6999",43034.3,43034.3,43034.3,43794.3,0.00358053,0,760,"0.00:0.73:0.00:0.71:0.67:0.00","None"
269,"COMPLETED","Aurora","Aurora","7000-7179",43050.2,43050.2,43050.2,44346.2,0.000649535,0,1296,"0.00:0.76:0.00:0.67:0.65:0.00","None"
270,"COMPLETED","Frontier","Aurora","7180-7355",43055.6,43055.6,43055.6,44543.6,0.000609579,0,1488,"0.61:0.70:0.53:0.67:0.67:0.66","None"
271,"COMPLETED","Perlmutter-Phase-2","Aurora","7356-7419",43058.5,43058.5,43058.5,43914.5,0.000593535,0,856,"0.60:0.69:0.63:0.66:0.67:0.66","None"
272,"COMPLETED","Frontier","Frontier","120-253:258:1328-1332:5248-5268:5467-6069",43059.8,43059.8,43059.8,52209.9,0.000650535,0,9150.18,"0.00:0.56:0.00:0.69:0.65:0.00","None"
273,"COMPLETED","Frontier","Aurora","7420-8192:8207-8417",43061.9,43061.9,43061.9,48157.9,0.000589535,0,5096,"0.00:0.70:0.00:0.68:0.64:0.63","None"
274,"COMPLETED","Aurora","Aurora","8418-8848",43065.1,43065.1,43065.1,49065.1,0.000664535,0,6000,"0.00:0.73:0.00:0.66:0.66:0.00","None"
275,"COMPLETED","Crux","Frontier","6070-6192",43069.2,43069.2,43069.2,43551.9,0.000596392,0,482.718,"0.60:0.67:0.63:0.68:0.63:0.62","None"
276,"COMPLETED","Frontier","Frontier","1610-1678",43082.9,43082.9,43082.9,43554.9,0.000629249,0,471.99,"0.61:0.67:0.63:0.68:0.64:0.63","None"
277,"COMPLETED","Andes","Aurora","4541-4730",43098.8,43098.8,43098.8,44202.8,0.000590535,0,1104,"0.65:0.68:0.55:0.66:0.65:0.63","None"
278,"COMPLETED","Aurora","Aurora","4731-4770:8849-8969",43128.2,43128.2,43128.2,44648.2,0.000646535,0,1520,"0.00:0.70:0.00:0.68:0.70:0.00","None"
279,"COMPLETED","Frontier","Aurora","8970-9223",43147.7,43147.7,43147.7,44011.7,0.000638392,0,864,"0.61:0.67:0.49:0.65:0.67:0.66","None"
280,"COMPLETED","Frontier","Frontier","1333-1352:1421-1609:1679-1699",43157.4,43157.4,43157.4,43854.7,0.000614535,0,697.259,"0.00:0.69:0.00:0.70:0.67:0.00","None"
281,"COMPLETED","Perlmutter-Phase-1","Aurora","9224-9459",43216.3,43216.3,43216.3,44576.3,0.000608535,0,1360,"0.65:0.67:0.56:0.66:0.65:0.63","None"
282,"COMPLETED","Perlmutter-Phase-1","Perlmutter-Phase-1","257:259-415:542",43241.5,43241.5,43241.5,46929.3,0.000648535,0,3687.8,"0.00:0.69:0.00:0.67:0.69:0.00","None"
283,"COMPLETED","Frontier","Aurora","9460-9583",43249.3,43249.3,43249.3,44673.3,0.000529535,0,1424,"0.00:0.69:0.00:0.68:0.63:0.00","None"
284,"COMPLETED","Frontier","Aurora","9584-9734",43251.6,43251.6,43251.6,44043.6,0.000666535,0,792,"0.00:0.68:0.00:0.68:0.63:0.00","None"
285,"COMPLETED","Aurora","Aurora","9735-9943",43253.8,43253.8,43253.8,43501.8,0.000601535,0,248,"0.00:0.68:0.00:0.68:0.67:0.00","None"
286,"COMPLETED","Aurora","Aurora","9944-10112",43266,43266,43266,44818,0.000534535,0,1552,"0.00:0.70:0.00:0.65:0.62:0.00","None"
287,"COMPLETED","Perlmutter-Phase-2","Perlmutter-Phase-2","1272-1282",43282.9,43282.9,43282.9,45358.4,0.000639535,0,2075.51,"0.62:0.65:0.65:0.66:0.65:0.66","None"
288,"COMPLETED","Aurora","Frontier","1700-1730:2545-2643",43307.1,43307.1,43307.1,43800.5,0.000606535,0,493.445,"0.00:0.68:0.00:0.70:0.64:0.00","None"
289,"COMPLETED","Frontier","Frontier","2644-2719:6193-7442",43322.5,43322.5,43322.5,52494.1,0.000598535,0,9171.63,"0.00:0.47:0.00:0.68:0.44:0.63","None"
290,"COMPLETED","Perlmutter-Phase-2","Aurora","3471-3544",43326.9,43326.9,43326.9,43630.9,0.000576392,0,304,"0.61:0.65:0.63:0.65:0.62:0.62","None"
291,"COMPLETED","Andes","Aurora","3545-3617:6067-6163",43337.4,43337.4,43337.4,43761.4,0.000597535,0,424,"0.62:0.66:0.45:0.66:0.62:0.63","None"
292,"COMPLETED","Perlmutter-Phase-1","Aurora","6164-6169",43337.8,43337.8,43337.8,45049.8,0.000643535,0,1712,"0.00:0.68:0.00:0.63:0.66:0.00","None"
293,"COMPLETED","Frontier","Aurora","6170-6395",43350.1,43350.1,43350.1,45254.1,0.000649535,0,1904,"0.00:0.69:0.00:0.65:0.63:0.00","None"
294,"COMPLETED","Perlmutter-Phase-1","Frontier","7443-7589",43357.3,43357.3,43357.3,43764.9,0.000874392,0,407.628,"0.61:0.65:0.64:0.65:0.62:0.63","None"
295,"COMPLETED","Frontier","Aurora","6396-6490:10113-10245",43376.7,43376.7,43376.7,43648.7,0.000637535,0,272,"0.00:0.68:0.00:0.65:0.63:0.00","None"
296,"COMPLETED","Aurora","Aurora","10246-10267:10303-10334",43379,43379,43379,43691,0.000681535,0,312,"0.00:0.70:0.00:0.62:0.63:0.00","None"
297,"COMPLETED","Andes","Frontier","7590-7653",43384.6,43384.6,43384.6,44135.5,0.00150712,0,750.894,"0.61:0.65:0.64:0.65:0.62:0.63","None"
298,"COMPLETED","Aurora","Aurora","10335-10448",43386.3,43386.3,43386.3,44386.3,0.000601535,0,1000,"0.00:0.67:0.00:0.66:0.64:0.00","None"
299,"COMPLETED","Frontier","Aurora","6396-6490:6540-6823:9735-9943:10113-10245:10601-10611",43397.6,43397.6,43648.7,48376.7,0.000800352,251.116,4728,"0.00:0.65:0.00:0.65:0.62:0.00","None"
300,"COMPLETED","Aurora","Frontier","7654-7814",43405.6,43405.6,43405.6,45282.9,0.00349027,0,1877.23,"0.00:0.59:0.00:0.63:0.63:0.00","None"
301,"COMPLETED","Perlmutter-Phase-1","Perlmutter-Phase-1","416-541:543-583:1025:1110-1111",43406.1,43406.1,43406.1,45732.9,0.000770535,0,2326.83,"0.00:0.54:0.00:0.62:0.65:0.00","None"
302,"COMPLETED","Perlmutter-Phase-2","Frontier","7815-7944",43409.3,43409.3,43409.3,43892.1,0.000631535,0,482.718,"0.61:0.45:0.64:0.65:0.60:0.63","None"
303,"COMPLETED","Perlmutter-Phase-1","Frontier","7945-8089",43410.6,43410.6,43410.6,43818.2,0.000646535,0,407.628,"0.60:0.64:0.63:0.64:0.59:0.62","None"
304,"COMPLETED","Perlmutter-Phase-1","Aurora","10449-10600",43428,43428,43428,43708,0.000641535,0,280,"0.00:0.67:0.00:0.61:0.62:0.00","None"
305,"COMPLETED","Perlmutter-Phase-1","Perlmutter-Phase-1","584-710",43435.6,43435.6,43435.6,45169.7,0.000665535,0,1734.15,"0.00:0.53:0.00:0.61:0.62:0.00","None"
306,"COMPLETED","Aurora","Crux","89-200",43440.5,43440.5,43440.5,44502.5,0.000696535,0,1062,"0.65:0.47:0.68:0.62:0.58:0.63","None"
307,"COMPLETED","Perlmutter-Phase-1","Frontier","8090-8192:8207-8339",43446.4,43446.4,43446.4,44208,0.000550535,0,761.621,"0.00:0.50:0.00:0.66:0.60:0.00","None"
308,"COMPLETED","Aurora","Andes","1-11",43450.5,43450.5,43450.5,45400.5,0.00776844,0,1950,"0.66:0.64:0.60:0.61:0.58:0.63","None"
309,"COMPLETED","Aurora","Frontier","8340-8511",43450.5,43450.5,43450.5,45649.6,0.000522712,0,2199.05,"0.00:0.60:0.00:0.61:0.59:0.00","None"
310,"COMPLETED","Aurora","Frontier","8512-8703",43468.9,43468.9,43468.9,43908.7,0.000644535,0,439.809,"0.00:0.50:0.00:0.60:0.58:0.00","None"
311,"COMPLETED","Frontier","Frontier","6070-6192:8704-9440",43482.5,43482.5,43551.9,52519.7,0.000583535,69.3645,8967.82,"0.00:0.49:0.00:0.62:0.61:0.00","None"
312,"COMPLETED","Aurora","Aurora","3292-3293",43502.2,43502.2,43502.2,44598.2,0.000688535,0,1096,"0.00:0.70:0.00:0.60:0.60:0.00","None"
313,"COMPLETED","Andes","Perlmutter-Phase-2","1283-1434",43550,43550,43550,44450,0.000612392,0,900,"0.61:0.49:0.39:0.48:0.58:0.63","None"
314,"COMPLETED","Frontier","Aurora","3294-3345",43555,43555,43555,44811,0.000640535,0,1256,"0.00:0.67:0.00:0.62:0.59:0.00","None"
315,"COMPLETED","Aurora","Perlmutter-Phase-1","711-921",43603.8,43603.8,43603.8,44284.3,0.000664535,0,680.488,"0.00:0.51:0.00:0.43:0.58:0.00","None"
316,"COMPLETED","Aurora","Aurora","3346:3471-3544:5646-5710:6491-6539",43607.8,43607.8,43646.9,45110.9,0.000548535,39.1811,1464,"0.00:0.63:0.00:0.53:0.56:0.00","None"
317,"COMPLETED","Perlmutter-Phase-1","Frontier","19-119:691-833:1657-1678:1700-1730:2545-2643:7443-7568",43612.5,43612.5,43800.5,54109.2,0.000584535,187.977,10308.7,"0.00:0.50:0.00:0.62:0.58:0.00","None"
318,"COMPLETED","Crux","Andes","12-95",43615.8,43615.8,43615.8,45565.8,0.000615392,0,1950,"0.65:0.48:0.42:0.42:0.56:0.62","None"
319,"COMPLETED","Frontier","Frontier","1610-1656",43620.7,43620.7,43620.7,44060.5,0.000667535,0,439.809,"0.00:0.53:0.00:0.61:0.56:0.00","None"
320,"COMPLETED","Crux","Perlmutter-Phase-2","1435-1630",43639,43639,43639,45365.5,0.00664438,0,1726.53,"0.57:0.51:0.40:0.49:0.55:0.61","None"
321,"COMPLETED","Perlmutter-Phase-1","Perlmutter-Phase-2","1631-1721",43662,43662,43662,45994.7,0.000693535,0,2332.65,"0.58:0.55:0.46:0.49:0.58:0.64","None"
322,"COMPLETED","Frontier","Perlmutter-Phase-2","1722-1831",43669.6,43669.6,43669.6,44808.4,0.000736392,0,1138.78,"0.57:0.50:0.41:0.47:0.55:0.60","None"
323,"COMPLETED","Aurora","Perlmutter-Phase-1","922-963",43675.2,43675.2,43675.2,45299.6,0.000651535,0,1624.39,"0.00:0.56:0.00:0.46:0.57:0.00","None"
324,"COMPLETED","Perlmutter-Phase-1","Perlmutter-Phase-1","964-1024:1026-1042",43676.1,43676.1,43676.1,44378.5,0.000638535,0,702.439,"0.00:0.51:0.00:0.42:0.58:0.00","None"
325,"COMPLETED","Aurora","Aurora","3347-3350:3545-3617:4411-4540:4639-4730:5355-5609:5636-5645:6067-6163:6824-6887:7000-7179:8970-9082:10246-10267:10303-10350",43680.5,43680.5,44409.8,49289.8,0.000471535,729.224,4880,"0.00:0.60:0.00:0.55:0.55:0.00","None"
326,"COMPLETED","Aurora","Perlmutter-Phase-1","1043-1109:1112-1208",43684.9,43684.9,43684.9,45880,0.000595352,0,2195.12,"0.00:0.49:0.00:0.48:0.53:0.00","None"
327,"COMPLETED","Frontier","Perlmutter-Phase-2","1832-2048:2052-2069",43700.4,43700.4,43700.4,46584,0.000640519,0,2883.67,"0.58:0.47:0.44:0.51:0.55:0.63","None"
328,"COMPLETED","Perlmutter-Phase-1","Frontier","1524-1656:1679-1699:7569-8192:8207-8339:8512-8703:9441-9469",43704.1,43704.1,45282.9,52748.9,0.000623535,1578.81,7466.03,"0.00:0.47:0.00:0.54:0.52:0.00","None"
329,"COMPLETED","Frontier","Perlmutter-Phase-2","2070-2301",43754.3,43754.3,43754.3,45609.5,0.000615535,0,1855.1,"0.58:0.45:0.41:0.51:0.52:0.58","None"
330,"COMPLETED","Frontier","Aurora","3545-3617:6067-6163:10246-10267:10303-10330",43771.4,43771.4,43771.4,44291.4,0.000584392,0,520,"0.57:0.65:0.38:0.45:0.54:0.60","None"
331,"COMPLETED","Frontier","Aurora","10331-10334:10449-10458",43787.6,43787.6,43787.6,44307.6,0.000605352,0,520,"0.00:0.67:0.00:0.62:0.52:0.00","None"
332,"COMPLETED","Frontier","Andes","96-326:542",43815.8,43815.8,43815.8,50615.8,0.000622535,0,6800,"0.62:0.47:0.47:0.40:0.52:0.57","None"
333,"COMPLETED","Crux","Aurora","5610-5635",43825.7,43825.7,43825.7,44649.7,0.00143853,0,824,"0.51:0.65:0.55:0.59:0.55:0.60","None"
334,"COMPLETED","Perlmutter-Phase-1","Aurora","5636-5645:6824-6887",43832.6,43832.6,43832.6,44408.6,0.000624392,0,576,"0.55:0.65:0.47:0.60:0.52:0.57","None"
335,"COMPLETED","Perlmutter-Phase-2","Aurora","6888-6950",43868.7,43868.7,43868.7,44532.7,0.000651392,0,664,"0.51:0.65:0.44:0.63:0.52:0.57","None"
336,"COMPLETED","Aurora","Aurora","6951-6999:10459-10470",43883.1,43883.1,43883.1,44651.1,0.000604535,0,768,"0.55:0.65:0.49:0.60:0.52:0.57","None"
337,"COMPLETED","Perlmutter-Phase-1","Perlmutter-Phase-1","1209-1429",43890.3,43890.3,43890.3,48587.8,0.000737535,0,4697.56,"0.00:0.53:0.00:0.45:0.55:0.00","None"
338,"COMPLETED","Frontier","Aurora","7356-7419:10471-10490",43934.6,43934.6,43934.6,45518.6,0.000683535,0,1584,"0.00:0.67:0.00:0.63:0.50:0.00","None"
339,"COMPLETED","Frontier","Frontier","1333-1352:1421-1433",43949.5,43949.5,43949.5,45837.5,0.000635535,0,1887.96,"0.00:0.52:0.00:0.63:0.51:0.00","None"
340,"COMPLETED","Aurora","Aurora","8970-9082",44062.4,44062.4,44062.4,44382.4,0.000617535,0,320,"0.00:0.68:0.00:0.63:0.45:0.00","None"
341,"COMPLETED","Perlmutter-Phase-1","Frontier","1434-1477",44085.6,44085.6,44085.6,46627.9,0.000515352,0,2542.31,"0.00:0.53:0.00:0.65:0.52:0.00","None"
342,"COMPLETED","Perlmutter-Phase-1","Frontier","1478-1523",44103.6,44103.6,44103.6,45423,0.000650535,0,1319.43,"0.00:0.52:0.00:0.60:0.52:0.00","None"
343,"COMPLETED","Aurora","Aurora","9083-9153",44119.6,44119.6,44119.6,44671.6,0.000629535,0,552,"0.51:0.65:0.43:0.63:0.49:0.57","None"
344,"COMPLETED","Aurora","Aurora","9154-9223:9584-9628",44133.1,44133.1,44133.1,44813.1,0.000631535,0,680,"0.00:0.70:0.00:0.59:0.45:0.00","None"
345,"COMPLETED","Perlmutter-Phase-1","Aurora","9629-9692",44154.5,44154.5,44154.5,44538.5,0.000627535,0,384,"0.00:0.66:0.00:0.60:0.52:0.00","None"
346,"COMPLETED","Aurora","Frontier","1524-1656:1679-1699:7569-7609",44160.8,44160.8,44160.8,44815.2,0.000640392,0,654.35,"0.55:0.49:0.42:0.61:0.42:0.58","None"
347,"COMPLETED","Perlmutter-Phase-1","Perlmutter-Phase-2","1-123:2302-2357:2362-2386",44173.1,44173.1,44173.1,44962.9,0.000597535,0,789.796,"0.51:0.47:0.37:0.60:0.43:0.61","None"
348,"COMPLETED","Aurora","Aurora","4771-4841:9693-9734:10491-10492",44188,44188,44188,44692,0.000602535,0,504,"0.55:0.65:0.47:0.60:0.43:0.56","None"
349,"COMPLETED","Frontier","Aurora","4541-4638",44237.5,44237.5,44237.5,44733.5,0.000601535,0,496,"0.00:0.67:0.00:0.63:0.49:0.00","None"
350,"COMPLETED","Perlmutter-Phase-1","Aurora","3292-3293:4731-4770:5209-5354:5610-5635:6888-6999:7180-7355:8849-8969:9224-9459:9629-9692:10459-10470:10537-10556",44270.1,44270.1,44651.1,50819.1,0.000680535,380.981,6168,"0.00:0.50:0.00:0.47:0.48:0.00","None"
351,"COMPLETED","Aurora","Aurora","1-91:360-485:806-981:1039-1103:1106-1109:1112-1246:1832-2048:2052-2250:2352-2355:2358-2361:2498-2738:4097-4103:10574-10582",44381.4,44381.4,54626.4,61034.4,0.000678535,10245,6408,"0.00:0.50:0.00:0.46:0.49:0.00","None"
352,"COMPLETED","Frontier","Aurora","10351-10458:10493-10536",44456.9,44456.9,44456.9,45168.9,0.000617535,0,712,"0.00:0.67:0.00:0.65:0.55:0.00","None"
353,"COMPLETED","Perlmutter-Phase-1","Crux","1-59",44572.1,44572.1,44572.1,47992.1,0.000571392,0,3420,"0.50:0.65:0.72:0.46:0.52:0.57","None"
354,"COMPLETED","Perlmutter-Phase-2","Crux","60-246",44697.5,44697.5,44697.5,45903.5,0.000625535,0,1206,"0.50:0.65:0.66:0.60:0.55:0.60","None"
355,"COMPLETED","Aurora","Aurora","3294-3345:4541-4638:4771-4815",44887.9,44887.9,44887.9,45303.9,0.000769535,0,416,"0.00:0.71:0.00:0.62:0.53:0.00","None"
356,"COMPLETED","Perlmutter-Phase-1","Aurora","4816-4841:9083-9223:9460-9490",44959,44959,44959,45271,0.000525535,0,312,"0.00:0.68:0.00:0.65:0.55:0.00","None"
357,"COMPLETED","Frontier","Aurora","9491-9628:9693-9734:9944-9945",44975.6,44975.6,44975.6,45295.6,0.000639535,0,320,"0.00:0.67:0.00:0.63:0.53:0.00","None"
358,"COMPLETED","Frontier","Aurora","3346:3471-3544:5646-5710:6164-6169:6491-6506",45250.9,45250.9,45250.9,45698.9,0.000602535,0,448,"0.00:0.68:0.00:0.63:0.60:0.00","None"
359,"COMPLETED","Aurora","Aurora","4816-4841:6170-6209",45302.2,45302.2,45302.2,45686.2,0.000589535,0,384,"0.00:0.68:0.00:0.38:0.60:0.00","None"
360,"COMPLETED","Aurora","Aurora","3294-3345:4541-4638:4771-4815:6210-6395:6507-6539:9083-9223:9460-9628:9693-9734:9944-10112:10351-10377",45330.9,45330.9,45330.9,50666.9,0.000615535,0,5336,"0.00:0.67:0.00:0.44:0.51:0.59","None"
361,"COMPLETED","Perlmutter-Phase-1","Aurora","10378-10458:10491-10516",45398,45398,45398,46118,0.000610535,0,720,"0.55:0.65:0.45:0.38:0.55:0.61","None"
362,"COMPLETED","Frontier","Perlmutter-Phase-2","1-123:1272-1498",45773.4,45773.4,45773.4,60669.3,0.000611535,0,14895.9,"0.54:0.46:0.00:0.48:0.57:0.62","None"
363,"COMPLETED","Frontier","Perlmutter-Phase-1","416-541:543-1208:1430-1495",45817.1,45817.1,45880,62914.2,0.000580535,62.943,17034.1,"0.00:0.47:0.00:0.47:0.60:0.00","None"
364,"COMPLETED","Frontier","Aurora","1247-2018",45840.9,45840.9,45840.9,51856.9,0.000664535,0,6016,"0.00:0.70:0.00:0.47:0.42:0.00","None"
365,"COMPLETED","Perlmutter-Phase-2","Perlmutter-Phase-2","1499-2048:2052-2357:2362-2888",45949.2,45949.2,46584,57145.3,0.000660535,634.814,10561.2,"0.00:0.44:0.00:0.45:0.30:0.55","None"
366,"COMPLETED","Aurora","Aurora","2019-2048:2052-2053:4097-4103",46080.6,46080.6,46080.6,47376.6,0.000767535,0,1296,"0.00:0.71:0.00:0.59:0.49:0.00","None"
367,"COMPLETED","Crux","Aurora","2054-2199",46125.4,46125.4,46125.4,46821.4,0.000628519,0,696,"0.54:0.66:0.66:0.62:0.32:0.60","None"
368,"COMPLETED","Frontier","Aurora","2200-2324",46312.1,46312.1,46312.1,46920.1,0.000556535,0,608,"0.00:0.69:0.00:0.62:0.33:0.00","None"
369,"COMPLETED","Aurora","Aurora","2325-2351:2356-2357:2362-2562:5082-5098",46364.1,46364.1,46364.1,47172.1,0.00360653,0,808,"0.00:0.69:0.00:0.62:0.36:0.00","None"
370,"COMPLETED","Andes","Crux","60-64",46374.9,46374.9,46374.9,47562.9,0.000645535,0,1188,"0.53:0.65:0.66:0.61:0.48:0.59","None"
371,"COMPLETED","Perlmutter-Phase-2","Crux","65-102",46376.7,46376.7,46376.7,47528.7,0.000604535,0,1152,"0.54:0.66:0.66:0.62:0.49:0.60","None"
372,"COMPLETED","Aurora","Aurora","2563-2658",46401.5,46401.5,46401.5,48265.5,0.000609535,0,1864,"0.54:0.66:0.63:0.62:0.39:0.60","None"
373,"COMPLETED","Perlmutter-Phase-2","Frontier","1333-1523:1731-2048:2052-2357:2362-2544:2720-2971:4097-4103:5088-5096",46554.4,46554.4,49300.3,56305,0.000584352,2745.86,7004.77,"0.00:0.44:0.00:0.46:0.34:0.45","None"
374,"COMPLETED","Frontier","Aurora","486-491:704-805:982-1024:1026-1038:1247-1584:2049-2051",46707,46707,51856.9,58592.9,0.000591535,5149.89,6736,"0.00:0.49:0.00:0.49:0.41:0.00","None"
375,"COMPLETED","Aurora","Andes","1-635",47026.2,47026.2,50615.8,101416,0.000658392,3589.56,50800,"0.56:0.47:0.00:0.48:0.39:0.43","None"
376,"COMPLETED","Frontier","Aurora","2054-2304",47301.1,47301.1,47301.1,47557.1,0.000644535,0,256,"0.57:0.67:0.45:0.60:0.30:0.32","None"
377,"COMPLETED","Aurora","Aurora","2019-2048:2052-2053:2305-2351:2356-2357:2362-2426:4097-4103:5082-5098",47396.4,47396.4,47396.4,48940.4,0.000637535,0,1544,"0.37:0.66:0.56:0.62:0.50:0.53","None"
378,"COMPLETED","Perlmutter-Phase-1","Aurora","2427-2562:2659-2703:3346:3471-3475",47426.2,47426.2,47426.2,47698.2,0.000618535,0,272,"0.00:0.68:0.00:0.62:0.56:0.00","None"
379,"COMPLETED","Frontier","Aurora","85-106:492-535:537-541:543-715:1025:1104-1105:1110-1111",47842.2,47842.2,47842.2,48458.2,0.000693535,0,616,"0.00:0.70:0.00:0.62:0.34:0.00","None"
380,"COMPLETED","Frontier","Aurora","716-805",47983.3,47983.3,47983.3,49471.3,0.000555352,0,1488,"0.00:0.70:0.00:0.61:0.56:0.00","None"
381,"COMPLETED","Perlmutter-Phase-1","Aurora","806-981",48392.1,48392.1,48392.1,50248.1,0.000645535,0,1856,"0.00:0.73:0.00:0.60:0.53:0.00","None"
382,"COMPLETED","Perlmutter-Phase-2","Crux","1-130",49023.3,49023.3,49023.3,49689.3,0.000622535,0,666,"0.54:0.72:0.72:0.61:0.56:0.57","None"
383,"COMPLETED","Frontier","Aurora","85-91",49083.4,49083.4,49083.4,49587.4,0.000542352,0,504,"0.00:0.75:0.00:0.63:0.59:0.00","None"
384,"COMPLETED","Andes","Aurora","92-106:492-535:537-541:543-703:1025:1104-1105:1110-1111",49098.5,49098.5,49098.5,50458.5,0.000620535,0,1360,"0.37:0.72:0.55:0.61:0.56:0.36","None"
385,"COMPLETED","Aurora","Aurora","704-715:982-1024:1026-1093:2019-2111:4097-4103",49187.2,49187.2,49187.2,49531.2,0.000602535,0,344,"0.00:0.74:0.00:0.65:0.56:0.00","None"
386,"COMPLETED","Frontier","Aurora","2112-2250",49228.6,49228.6,49228.6,49932.6,0.000575535,0,704,"0.00:0.74:0.00:0.63:0.58:0.00","None"
387,"COMPLETED","Frontier","Aurora","2251-2351:2356-2357:2362-2497:5082-5098",49433.8,49433.8,49433.8,50873.8,0.000597535,0,1440,"0.00:0.76:0.00:0.69:0.56:0.00","None"
388,"COMPLETED","Frontier","Aurora","1-91:360-485",50064,50064,50064,50320,0.000708535,0,256,"0.00:0.77:0.00:0.66:0.54:0.00","None"
389,"COMPLETED","Frontier","Aurora","486-491:704-805:982-1024:1026-1038:2049-2051",50163.7,50163.7,50163.7,51043.7,0.00654935,0,880,"0.36:0.75:0.71:0.66:0.53:0.53","None"
390,"COMPLETED","Frontier","Aurora","1-91:360-485:806-981:1039-1103:1106-1109:1112-1246:2019-2048:2052-2250:2352-2355:2358-2361:2498-2606:4097-4103",50354.4,50354.4,50354.4,54626.4,0.000581535,0,4272,"0.00:0.78:0.00:0.66:0.42:0.00","None"
391,"COMPLETED","Aurora","Aurora","2607-2738",50433,50433,50433,52081,0.000637535,0,1648,"0.37:0.74:0.72:0.66:0.53:0.53","None"
392,"COMPLETED","Crux","Aurora","92-190:258",50585.6,50585.6,50585.6,50937.6,0.000602519,0,352,"0.53:0.75:0.72:0.67:0.53:0.53","None"
393,"COMPLETED","Aurora","Frontier","2972-4096:4104-4221:8193-8206",50789.9,50789.9,50789.9,59865,0.000620535,0,9075.09,"0.00:0.59:0.00:0.66:0.45:0.00","None"
394,"COMPLETED","Perlmutter-Phase-1","Crux","1-256",51806.8,51806.8,51806.8,54488.8,0.000610535,0,2682,"0.30:0.46:0.76:0.62:0.53:0.33","None"
395,"COMPLETED","Perlmutter-Phase-1","Frontier","4222-5087:5097-5170",51807.3,51807.3,51807.3,61515.2,0.000596535,0,9707.99,"0.00:0.54:0.00:0.66:0.44:0.00","None"
396,"COMPLETED","Perlmutter-Phase-1","Aurora","1585-1596",52419.5,52419.5,52419.5,53187.5,0.000591352,0,768,"0.00:0.69:0.00:0.62:0.57:0.00","None"
397,"COMPLETED","Aurora","Frontier","120-690:1025:1110-1111:1328-1332:1524-1649:5248-5268",52881.1,52881.1,52881.1,61966.9,0.000585535,0,9085.82,"0.00:0.54:0.00:0.73:0.44:0.00","None"
398,"COMPLETED","Aurora","Frontier","1650-1656:1679-1699:2644-2719:5171-5247:5283-7262",53208.1,53208.1,53208.1,60899.4,0.000621535,0,7691.3,"0.00:0.51:0.00:0.69:0.00:0.40","None"
399,"COMPLETED","Perlmutter-Phase-2","Aurora","1585-1831",54038.1,54038.1,54038.1,54902.1,0.000617535,0,864,"0.30:0.66:0.40:0.64:0.53:0.32","None"
400,"COMPLETED","Perlmutter-Phase-1","Aurora","92-99",55638.6,55638.6,55638.6,56038.6,0.000610352,0,400,"0.00:0.83:0.00:0.65:0.56:0.00","None"
401,"COMPLETED","Perlmutter-Phase-1","Aurora","1-128:258",61858.9,61858.9,61858.9,62194.9,0.000514535,0,336,"0.00:0.87:0.00:0.80:0.59:0.00","None"
402,"COMPLETED","Aurora","Aurora","1-196:258",64313.5,64313.5,64313.5,66009.5,0.000755535,0,1696,"0.00:0.90:0.00:0.79:0.64:0.00","None"
403,"COMPLETED","Frontier","Aurora","1-58",67864,67864,67864,68160,0.000553535,0,296,"0.00:0.88:0.00:0.82:0.65:0.00","None"
404,"COMPLETED","Perlmutter-Phase-1","Aurora","1-114",68971,68971,68971,69427,0.000615535,0,456,"0.00:0.87:0.00:0.81:0.70:0.00","None"
405,"COMPLETED","Crux","Aurora","1-220:258",72587.9,72588,72588,74004,0.000614519,0,1416,"0.32:0.85:0.76:0.79:0.64:0.73","None"
406,"COMPLETED","Aurora","Aurora","221-257:259-304:536:542",72764.7,72764.7,72764.7,73108.7,0.000675535,0,344,"0.30:0.84:0.76:0.80:0.65:0.73","None"
407,"COMPLETED","Aurora","Aurora","1-144:258",75039.6,75039.6,75039.6,75415.6,0.000623535,0,376,"0.30:0.85:0.76:0.79:0.69:0.73","None"
408,"COMPLETED","Perlmutter-Phase-2","Aurora","1-243:258",76212.7,76212.7,76212.7,77180.7,0.000609392,0,968,"0.31:0.85:0.76:0.80:0.69:0.73","None"
409,"COMPLETED","Perlmutter-Phase-2","Aurora","1-173:258",85939,85939,85939,87211,0.000595535,0,1272,"0.33:0.85:0.76:0.79:0.68:0.73","None"
410,"COMPLETED","Aurora","Aurora","174-257:259-352:536:542",86585,86585,86585,87049,0.000665535,0,464,"0.00:0.89:0.00:0.80:0.68:0.00","None"
411,"COMPLETED","Crux","Aurora","353-421",86671,86671,86671,88103,0.000644535,0,1432,"0.47:0.84:0.76:0.80:0.69:0.73","None"
412,"COMPLETED","Aurora","Aurora","422-535:537-541:543-581:1025:1104-1105:1110-1111",86843,86843,86843,87291,0.000599535,0,448,"0.00:0.86:0.00:0.82:0.74:0.00","None"
413,"COMPLETED","Perlmutter-Phase-2","Aurora","1-57",91953.6,91953.6,91953.6,92265.6,0.000535535,0,312,"0.42:0.84:0.72:0.82:0.68:0.72","None"
414,"COMPLETED","Perlmutter-Phase-2","Aurora","1-429:536:542",95258.6,95258.6,95258.6,102875,0.000608535,0,7616,"0.40:0.85:0.00:0.82:0.68:0.72","None"
415,"COMPLETED","Aurora","Aurora","430-535:537-541:543-641:1025:1104-1105:1110-1111",96458.9,96458.9,96458.9,96698.9,0.000574535,0,240,"0.30:0.84:0.76:0.80:0.69:0.73","None"
